Year,Local in Tons,Import in Tons,Difference in Tons,Total in Tons,Local Percent,Import Percent,CIF Value per Kilo in Rial
2010, -   ,"8,752","-8,752","8,752",0.00000,1.00000,13718.52131
2011,"7,860","7,880",-20,"15,740",0.49936,0.50064,18014.72839
2012,"18,282","8,103","10,179","26,385",0.69289,0.30711,20286.79433
2013,"56,433","11,126","45,307","67,559",0.83531,0.16469,32645.45428
2014,"49,892","7,636","42,256","57,528",0.86726,0.13274,46256.29904
2015,"52,462","9,477","42,985","61,939",0.84699,0.15301,37886.54126
2016,"73,188","11,111","62,077","84,299",0.86820,0.13180,41118.49399
2017,"59,287","13,354","45,933","72,641",0.81616,0.18384,51877.00702
