Year,Local in Tons,Import in Tons,Difference in Tons,Total in Tons,Local Percent,Import Percent,CIF Value per Kilo in Rial
2010,18,"2,964","-2,946","2,982",0.00604,0.99396,"28,175"
2011,569,"3,560","-2,991","4,129",0.13781,0.86219,"40,186"
2012,"2,902","3,742",-840,"6,644",0.43679,0.56321,"61,979"
2013,"6,334","3,607","2,727","9,941",0.63716,0.36284,"90,575"
2014,"5,784","4,984",800,"10,768",0.53715,0.46285,"114,595"
2015,"5,287","4,522",765,"9,809",0.53899,0.46101,"133,754"
2016,"4,983","3,916","1,067","8,899",0.55995,0.44005,"127,465"
2017,"5,197","4,375",822,"9,572",0.54294,0.45706,"205,316"
